<?xml version="1.0" encoding="UTF-8"?>
<con:soapui-project id="ddc0d968-9f8a-40a4-a9fa-f6bc141eba27" activeEnvironment="Default" name="Seever API Gateway - Prod" resourceRoot="" soapui-version="5.5.0" xmlns:con="http://eviware.com/soapui/config"><con:settings/><con:interface xsi:type="con:RestService" id="4df37c4c-4138-461f-9b0e-05679469d5b7" wadlVersion="http://wadl.dev.java.net/2009/02" name="https://seever-api-gateway.herokuapp.com" type="rest" xmlns:xsi="http://www.w3.org/2001/XMLSchema-instance"><con:settings/><con:definitionCache/><con:endpoints><con:endpoint>https://seever-api-gateway.herokuapp.com</con:endpoint></con:endpoints><con:resource name="register" path="/api/auth/register" id="098a29ad-9501-42d9-85f6-348a7711c1fd"><con:settings/><con:parameters/><con:method name="Method 1" id="ccf7e402-eda9-4853-ac9a-8539d74ebea7" method="POST"><con:settings/><con:parameters/><con:representation type="RESPONSE"><con:mediaType>application/json; charset=utf-8</con:mediaType><con:status>200</con:status><con:params/><con:element xmlns:reg="https://seever-api-gateway.herokuapp.com/api/auth/register">reg:Response</con:element></con:representation><con:representation type="REQUEST"><con:mediaType>application/x-www-form-urlencoded</con:mediaType><con:params/></con:representation><con:request name="Request 1" id="c505296a-79f9-4c55-8a61-f0e88c6019ca" mediaType="application/x-www-form-urlencoded" postQueryString="false"><con:settings><con:setting id="com.eviware.soapui.impl.wsdl.WsdlRequest@request-headers">&lt;xml-fragment/></con:setting></con:settings><con:endpoint>https://seever-api-gateway.herokuapp.com</con:endpoint><con:request>grant_type=password&amp;username=test93&amp;password=93test&amp;email=test93@test.com</con:request><con:originalUri>https://seever-api-gateway.herokuapp.com/api/auth/register</con:originalUri><con:credentials><con:authType>No Authorization</con:authType></con:credentials><con:jmsConfig JMSDeliveryMode="PERSISTENT"/><con:jmsPropertyConfig/><con:parameters/></con:request></con:method></con:resource><con:resource name="token" path="/api/auth/token" id="961fdd85-41da-48d9-b369-70561e25c8b6"><con:settings/><con:parameters/><con:method name="Method 1" id="8de42c3d-a588-4637-8ec3-b52388877e65" method="GET"><con:settings/><con:parameters/><con:representation type="RESPONSE"><con:mediaType>application/json; charset=utf-8</con:mediaType><con:status>200</con:status><con:params/><con:element xmlns:tok="https://seever-api-gateway.herokuapp.com/api/auth/token">tok:Response</con:element></con:representation><con:request name="Request 1" id="c9f5e8e7-bc42-4383-9312-d73e26dcb3aa" mediaType="application/json"><con:settings><con:setting id="com.eviware.soapui.impl.wsdl.WsdlRequest@request-headers">&lt;entry key="x-access-token" value="eyJhbGciOiJIUzI1NiIsInR5cCI6IkpXVCJ9.eyJpZCI6IjVkMTZiYzczMTliZWNkMDAxNzBjMjliYiIsImlhdCI6MTU2MTc3MTEyMywiZXhwIjoxNTYxODU3NTIzfQ.zNG4y93FpwTMblDlGm9cNowrh-6xEGg7fg1t9EVTkF4" xmlns="http://eviware.com/soapui/config"/></con:setting></con:settings><con:endpoint>https://seever-api-gateway.herokuapp.com</con:endpoint><con:request/><con:originalUri>https://seever-api-gateway.herokuapp.com/api/auth/token</con:originalUri><con:credentials><con:authType>No Authorization</con:authType></con:credentials><con:jmsConfig JMSDeliveryMode="PERSISTENT"/><con:jmsPropertyConfig/><con:parameters/></con:request></con:method></con:resource><con:resource name="login" path="/api/auth/login" id="be2d9f22-fa3f-47e5-9472-348d8cdf73e8"><con:settings/><con:parameters/><con:method name="Method 1" id="2c9e962c-b6b1-4a19-b392-d08839ff4d2f" method="POST"><con:settings/><con:parameters/><con:representation type="REQUEST"><con:mediaType>x-www-form-urlencoded</con:mediaType><con:params/></con:representation><con:representation type="FAULT"><con:mediaType>text/html; charset=utf-8</con:mediaType><con:status>404</con:status><con:params/><con:element>html</con:element></con:representation><con:representation type="REQUEST"><con:mediaType>application/x-www-form-urlencoded</con:mediaType><con:params/></con:representation><con:representation type="RESPONSE"><con:mediaType>application/json; charset=utf-8</con:mediaType><con:status>200</con:status><con:params/><con:element xmlns:log="https://seever-api-gateway.herokuapp.com/api/auth/login">log:Response</con:element></con:representation><con:request name="Request 1" id="4fb617a7-b643-4b17-8022-8957501e7efb" mediaType="application/x-www-form-urlencoded" postQueryString="false"><con:settings><con:setting id="com.eviware.soapui.impl.wsdl.WsdlRequest@request-headers">&lt;xml-fragment/></con:setting></con:settings><con:endpoint>https://seever-api-gateway.herokuapp.com</con:endpoint><con:request>grant_type=password&amp;username=test93&amp;password=93test&amp;email=test93@test.com</con:request><con:originalUri>https://seever-api-gateway.herokuapp.com/api/auth/login</con:originalUri><con:credentials><con:authType>No Authorization</con:authType></con:credentials><con:jmsConfig JMSDeliveryMode="PERSISTENT"/><con:jmsPropertyConfig/><con:parameters/></con:request></con:method></con:resource><con:resource name="logout" path="/api/auth/logout" id="2ca10204-954e-4fd8-896d-572c65ae64aa"><con:settings/><con:parameters/><con:method name="Method 1" id="da024668-80ef-43a5-a55e-c1838e57cbfd" method="GET"><con:settings/><con:parameters/><con:representation type="RESPONSE"><con:mediaType>application/json; charset=utf-8</con:mediaType><con:status>200</con:status><con:params/><con:element xmlns:log="https://seever-api-gateway.herokuapp.com/api/auth/logout">log:Response</con:element></con:representation><con:request name="Request 1" id="2344ace9-e5d4-4f0f-b01c-b3e436a4fac6" mediaType="application/json"><con:settings><con:setting id="com.eviware.soapui.impl.wsdl.WsdlRequest@request-headers">&lt;xml-fragment/></con:setting></con:settings><con:endpoint>https://seever-api-gateway.herokuapp.com</con:endpoint><con:request/><con:originalUri>https://seever-api-gateway.herokuapp.com/api/auth/logout</con:originalUri><con:credentials><con:authType>No Authorization</con:authType></con:credentials><con:jmsConfig JMSDeliveryMode="PERSISTENT"/><con:jmsPropertyConfig/><con:parameters/></con:request></con:method></con:resource></con:interface><con:properties/><con:wssContainer/><con:oAuth2ProfileContainer/><con:oAuth1ProfileContainer/><con:sensitiveInformation/></con:soapui-project>