<?xml version="1.0" encoding="UTF-8"?>
<con:soapui-project id="2773de68-a1aa-4ad3-90ee-bb2dfb300278" activeEnvironment="Default" name="seever-exercise-5.3" resourceRoot="" soapui-version="5.5.0" abortOnError="false" runType="SEQUENTIAL" xmlns:con="http://eviware.com/soapui/config"><con:settings/><con:interface xsi:type="con:RestService" id="aefe281b-d67f-4957-affd-665b98cedb46" wadlVersion="http://wadl.dev.java.net/2009/02" name="http://api.oceandrivers.com" type="rest" xmlns:xsi="http://www.w3.org/2001/XMLSchema-instance"><con:settings/><con:definitionCache/><con:endpoints><con:endpoint>http://api.oceandrivers.com</con:endpoint></con:endpoints><con:resource name="EasywindId" path="/v1.0/getEasyWind/EW013/" id="7f615bdf-c28f-4f3b-8ab1-d5321e2e59fb"><con:settings/><con:parameters><con:parameter><con:name>easywindId</con:name><con:value>easywindId</con:value><con:style>TEMPLATE</con:style><con:default>easywindId</con:default><con:path xsi:nil="true"/><con:description xsi:nil="true"/></con:parameter></con:parameters><con:method name="EasywindId 1" id="23c04dcb-ae71-4523-83eb-9a0d684c71e7" method="GET"><con:settings/><con:parameters/><con:representation type="FAULT"><con:mediaType>application/json</con:mediaType><con:status>500</con:status><con:params/><con:element xmlns:eas="https://api.oceandrivers.com/v1.0/getEasyWind/easywindId/">eas:Fault</con:element></con:representation><con:representation type="RESPONSE"><con:mediaType>application/json</con:mediaType><con:status>200</con:status><con:params/><con:element xmlns:eas="https://api.oceandrivers.com/v1.0/getEasyWind/easywindId/">eas:Response</con:element></con:representation><con:request name="Request 1" id="683a9511-02d9-4809-876d-ca4ef8f1ce5e" mediaType="application/json"><con:settings><con:setting id="com.eviware.soapui.impl.wsdl.WsdlRequest@request-headers">&lt;entry key="period" value="latestdata" xmlns="http://eviware.com/soapui/config"/></con:setting></con:settings><con:endpoint>http://api.oceandrivers.com</con:endpoint><con:request/><con:originalUri>https://api.oceandrivers.com/v1.0/getEasyWind/easywindId/</con:originalUri><con:credentials><con:authType>No Authorization</con:authType></con:credentials><con:jmsConfig JMSDeliveryMode="PERSISTENT"/><con:jmsPropertyConfig/><con:parameters><entry key="easywindId" value="latestdata" xmlns="http://eviware.com/soapui/config"/></con:parameters><con:parameterOrder><con:entry>easywindId</con:entry></con:parameterOrder></con:request></con:method></con:resource></con:interface><con:properties/><con:wssContainer/><con:oAuth2ProfileContainer/><con:oAuth1ProfileContainer/><con:sensitiveInformation/></con:soapui-project>