<?xml version="1.0" encoding="UTF-8"?>
<con:soapui-project id="7cfd86d8-f91a-48cf-b388-1bd69d3a45fb" activeEnvironment="Default" name="API Gateway" resourceRoot="" soapui-version="5.5.0" abortOnError="false" runType="SEQUENTIAL" xmlns:con="http://eviware.com/soapui/config"><con:settings/><con:interface xsi:type="con:RestService" id="4b54a1a4-2f2f-49cc-8c62-3d58019e73cc" wadlVersion="http://wadl.dev.java.net/2009/02" name="http://localhost:3000" type="rest" xmlns:xsi="http://www.w3.org/2001/XMLSchema-instance"><con:settings/><con:definitionCache type="TEXT" rootPart=""/><con:endpoints><con:endpoint>http://localhost:3000</con:endpoint></con:endpoints><con:resource name="" path="" id="a4a49f11-ff91-4544-b934-7dc44c14ce08"><con:settings/><con:parameters/><con:resource name="register" path="/api/auth/register" id="79adff66-5e43-422c-98b2-638409edc59e"><con:settings/><con:parameters/><con:method name="Method 1" id="803180b6-73d5-4409-b81a-c4b70258b5ec" method="POST"><con:settings/><con:parameters/><con:representation type="FAULT"><con:mediaType>text/html; charset=utf-8</con:mediaType><con:status>500</con:status><con:params/><con:element>html</con:element></con:representation><con:representation type="REQUEST"><con:mediaType>application/x-www-form-urlencoded</con:mediaType><con:params/></con:representation><con:representation type="RESPONSE"><con:mediaType xsi:nil="true"/><con:status>0</con:status><con:params/><con:element>data</con:element></con:representation><con:representation type="RESPONSE"><con:mediaType xsi:nil="true"/><con:status>0</con:status><con:params/><con:element>data</con:element></con:representation><con:representation type="RESPONSE"><con:mediaType>application/json; charset=utf-8</con:mediaType><con:status>200</con:status><con:params/><con:element xmlns:reg="http://localhost/api/auth/register">reg:Response</con:element></con:representation><con:request name="Request 1" id="3ca9daea-0657-49f3-87ab-450846b34fc2" mediaType="application/x-www-form-urlencoded" postQueryString="false"><con:settings><con:setting id="com.eviware.soapui.impl.wsdl.WsdlRequest@request-headers">&lt;xml-fragment/></con:setting></con:settings><con:endpoint>http://localhost:3000</con:endpoint><con:request>grant_type=password&amp;username=test53&amp;password=53test&amp;email=test53@test.com</con:request><con:originalUri>http://localhost/api/auth/register</con:originalUri><con:credentials><con:authType>No Authorization</con:authType></con:credentials><con:jmsConfig JMSDeliveryMode="PERSISTENT"/><con:jmsPropertyConfig/><con:parameters/></con:request></con:method></con:resource><con:resource name="token" path="/api/auth/token" id="9b1a0d45-50b6-428e-a019-8858a33aa0ef"><con:settings/><con:parameters/><con:method name="Method 1" id="4e0fbc38-9224-4c83-928a-d46c34df3384" method="GET"><con:settings/><con:parameters/><con:representation type="FAULT"><con:mediaType>text/html; charset=utf-8</con:mediaType><con:status>500 404</con:status><con:params/><con:element>html</con:element></con:representation><con:representation type="RESPONSE"><con:mediaType>application/json; charset=utf-8</con:mediaType><con:status>200</con:status><con:params/><con:element xmlns:tok="http://localhost/api/auth/token">tok:Response</con:element></con:representation><con:request name="Request 1" id="bef7820e-f38d-42b1-95a5-d4febff84f43" mediaType="application/json"><con:settings><con:setting id="com.eviware.soapui.impl.wsdl.WsdlRequest@request-headers">&lt;entry key="x-access-token" value="eyJhbGciOiJIUzI1NiIsInR5cCI6IkpXVCJ9.eyJpZCI6IjVjZjJjN2NmYzIxZDBlZDljOTc5MmI4NSIsImlhdCI6MTU1OTQxNDczNSwiZXhwIjoxNTU5NTAxMTM1fQ.tCRJBxjEvr_NRkjv65k7n2xTKHaGfSV3pXQZkr73zuE" xmlns="http://eviware.com/soapui/config"/></con:setting></con:settings><con:endpoint>http://localhost:3000</con:endpoint><con:request/><con:originalUri>http://localhost/api/auth/token</con:originalUri><con:credentials><con:authType>No Authorization</con:authType></con:credentials><con:jmsConfig JMSDeliveryMode="PERSISTENT"/><con:jmsPropertyConfig/><con:parameters/></con:request></con:method></con:resource></con:resource></con:interface><con:properties/><con:wssContainer/><con:oAuth2ProfileContainer/><con:oAuth1ProfileContainer/><con:sensitiveInformation/></con:soapui-project>