<?xml version="1.0" encoding="UTF-8"?>
<con:soapui-project id="dfd9dcdb-1a1b-4e9e-aafe-0e9d5115fdf2" activeEnvironment="Default" name="My First Project" resourceRoot="" soapui-version="5.5.0" abortOnError="false" runType="SEQUENTIAL" xmlns:con="http://eviware.com/soapui/config"><con:settings/><con:interface xsi:type="con:WsdlInterface" id="b2b4f106-b8ee-465f-8cfc-f04886a1f7d7" wsaVersion="NONE" name="ICalculator" type="wsdl" bindingName="{http://www.parasoft.com/wsdl/calculator/}ICalculator" soapVersion="1_1" anonymous="optional" definition="http://soaptest.parasoft.com/calculator.wsdl" xmlns:xsi="http://www.w3.org/2001/XMLSchema-instance"><con:settings/><con:definitionCache type="TEXT" rootPart="http://soaptest.parasoft.com/calculator.wsdl"><con:part><con:url>http://soaptest.parasoft.com/calculator.wsdl</con:url><con:content><![CDATA[<!--generated by GLUE Standard 4.1.2 on Fri Nov 21 13:50:48 PST 2003-->
<wsdl:definitions name="Calculator" targetNamespace="http://www.parasoft.com/wsdl/calculator/" xmlns:http="http://schemas.xmlsoap.org/wsdl/http/" xmlns:mime="http://schemas.xmlsoap.org/wsdl/mime/" xmlns:soap="http://schemas.xmlsoap.org/wsdl/soap/" xmlns:soap12="http://schemas.xmlsoap.org/wsdl/soap12/" xmlns:soapenc="http://schemas.xmlsoap.org/soap/encoding/" xmlns:tme="http://www.themindelectric.com/" xmlns:tns="http://www.parasoft.com/wsdl/calculator/" xmlns:wsdl="http://schemas.xmlsoap.org/wsdl/" xmlns:xsd="http://www.w3.org/2001/XMLSchema">
  <wsdl:types>
    <xsd:schema elementFormDefault="qualified" targetNamespace="http://www.parasoft.com/wsdl/calculator/">
      <xsd:element name="add">
        <xsd:complexType>
          <xsd:sequence>
            <xsd:element name="x" type="xsd:float"/>
            <xsd:element name="y" type="xsd:float"/>
          </xsd:sequence>
        </xsd:complexType>
      </xsd:element>
      <xsd:element name="addResponse">
        <xsd:complexType>
          <xsd:sequence>
            <xsd:element name="Result" type="xsd:float"/>
          </xsd:sequence>
        </xsd:complexType>
      </xsd:element>
      <xsd:element name="divide">
        <xsd:complexType>
          <xsd:sequence>
            <xsd:element name="numerator" type="xsd:float"/>
            <xsd:element name="denominator" type="xsd:float"/>
          </xsd:sequence>
        </xsd:complexType>
      </xsd:element>
      <xsd:element name="divideResponse">
        <xsd:complexType>
          <xsd:sequence>
            <xsd:element name="Result" type="xsd:float"/>
          </xsd:sequence>
        </xsd:complexType>
      </xsd:element>
      <xsd:element name="multiply">
        <xsd:complexType>
          <xsd:sequence>
            <xsd:element name="x" type="xsd:float"/>
            <xsd:element name="y" type="xsd:float"/>
          </xsd:sequence>
        </xsd:complexType>
      </xsd:element>
      <xsd:element name="multiplyResponse">
        <xsd:complexType>
          <xsd:sequence>
            <xsd:element name="Result" type="xsd:float"/>
          </xsd:sequence>
        </xsd:complexType>
      </xsd:element>
      <xsd:element name="subtract">
        <xsd:complexType>
          <xsd:sequence>
            <xsd:element name="x" type="xsd:float"/>
            <xsd:element name="y" type="xsd:float"/>
          </xsd:sequence>
        </xsd:complexType>
      </xsd:element>
      <xsd:element name="subtractResponse">
        <xsd:complexType>
          <xsd:sequence>
            <xsd:element name="Result" type="xsd:float"/>
          </xsd:sequence>
        </xsd:complexType>
      </xsd:element>
    </xsd:schema>
  </wsdl:types>
  <wsdl:message name="add0In">
    <wsdl:part element="tns:add" name="parameters"/>
  </wsdl:message>
  <wsdl:message name="add0Out">
    <wsdl:part element="tns:addResponse" name="parameters"/>
  </wsdl:message>
  <wsdl:message name="divide1In">
    <wsdl:part element="tns:divide" name="parameters"/>
  </wsdl:message>
  <wsdl:message name="divide1Out">
    <wsdl:part element="tns:divideResponse" name="parameters"/>
  </wsdl:message>
  <wsdl:message name="multiply2In">
    <wsdl:part element="tns:multiply" name="parameters"/>
  </wsdl:message>
  <wsdl:message name="multiply2Out">
    <wsdl:part element="tns:multiplyResponse" name="parameters"/>
  </wsdl:message>
  <wsdl:message name="subtract3In">
    <wsdl:part element="tns:subtract" name="parameters"/>
  </wsdl:message>
  <wsdl:message name="subtract3Out">
    <wsdl:part element="tns:subtractResponse" name="parameters"/>
  </wsdl:message>
  <wsdl:portType name="ICalculator">
    <wsdl:operation name="add" parameterOrder="x y">
      <wsdl:input message="tns:add0In" name="add0In"/>
      <wsdl:output message="tns:add0Out" name="add0Out"/>
    </wsdl:operation>
    <wsdl:operation name="divide" parameterOrder="numerator denominator">
      <wsdl:input message="tns:divide1In" name="divide1In"/>
      <wsdl:output message="tns:divide1Out" name="divide1Out"/>
    </wsdl:operation>
    <wsdl:operation name="multiply" parameterOrder="x y">
      <wsdl:input message="tns:multiply2In" name="multiply2In"/>
      <wsdl:output message="tns:multiply2Out" name="multiply2Out"/>
    </wsdl:operation>
    <wsdl:operation name="subtract" parameterOrder="x y">
      <wsdl:input message="tns:subtract3In" name="subtract3In"/>
      <wsdl:output message="tns:subtract3Out" name="subtract3Out"/>
    </wsdl:operation>
  </wsdl:portType>
  <wsdl:binding name="ICalculator" type="tns:ICalculator">
    <soap:binding style="document" transport="http://schemas.xmlsoap.org/soap/http"/>
    <wsdl:operation name="add">
      <soap:operation soapAction="add" style="document"/>
      <wsdl:input name="add0In">
        <soap:body use="literal"/>
      </wsdl:input>
      <wsdl:output name="add0Out">
        <soap:body use="literal"/>
      </wsdl:output>
    </wsdl:operation>
    <wsdl:operation name="divide">
      <soap:operation soapAction="divide" style="document"/>
      <wsdl:input name="divide1In">
        <soap:body use="literal"/>
      </wsdl:input>
      <wsdl:output name="divide1Out">
        <soap:body use="literal"/>
      </wsdl:output>
    </wsdl:operation>
    <wsdl:operation name="multiply">
      <soap:operation soapAction="multiply" style="document"/>
      <wsdl:input name="multiply2In">
        <soap:body use="literal"/>
      </wsdl:input>
      <wsdl:output name="multiply2Out">
        <soap:body use="literal"/>
      </wsdl:output>
    </wsdl:operation>
    <wsdl:operation name="subtract">
      <soap:operation soapAction="subtract" style="document"/>
      <wsdl:input name="subtract3In">
        <soap:body use="literal"/>
      </wsdl:input>
      <wsdl:output name="subtract3Out">
        <soap:body use="literal"/>
      </wsdl:output>
    </wsdl:operation>
  </wsdl:binding>
  <wsdl:service name="Calculator">
    <wsdl:documentation>instance of class webtool.soap.examples.calculator.Calculator</wsdl:documentation>
    <wsdl:port binding="tns:ICalculator" name="ICalculator">
      <soap:address location="http://ws1.parasoft.com/glue/calculator"/>
    </wsdl:port>
  </wsdl:service>
</wsdl:definitions>]]></con:content><con:type>http://schemas.xmlsoap.org/wsdl/</con:type></con:part></con:definitionCache><con:endpoints><con:endpoint>http://ws1.parasoft.com/glue/calculator</con:endpoint></con:endpoints><con:operation id="85083f81-a67b-4538-9c3e-458f5978d766" isOneWay="false" action="add" name="add" bindingOperationName="add" type="Request-Response" outputName="add0Out" inputName="add0In" receivesAttachments="false" sendsAttachments="false" anonymous="optional"><con:settings/><con:call id="f3e1bf1f-1c24-48c3-8b2a-f7bf6b9165b8" name="Request 1"><con:settings><con:setting id="com.eviware.soapui.impl.wsdl.WsdlRequest@request-headers">&lt;xml-fragment/></con:setting></con:settings><con:encoding>UTF-8</con:encoding><con:endpoint>http://ws1.parasoft.com/glue/calculator</con:endpoint><con:request><![CDATA[<soapenv:Envelope xmlns:soapenv="http://schemas.xmlsoap.org/soap/envelope/" xmlns:cal="http://www.parasoft.com/wsdl/calculator/">\r
   <soapenv:Header/>\r
   <soapenv:Body>\r
      <cal:add>\r
         <cal:x>9</cal:x>\r
         <cal:y>9</cal:y>\r
      </cal:add>\r
   </soapenv:Body>\r
</soapenv:Envelope>]]></con:request><con:credentials><con:authType>No Authorization</con:authType></con:credentials><con:jmsConfig JMSDeliveryMode="PERSISTENT"/><con:jmsPropertyConfig/><con:wsaConfig mustUnderstand="NONE" version="200508" action="add"/><con:wsrmConfig version="1.2"/></con:call></con:operation><con:operation id="2c67dac1-42c4-4390-86d4-f28261c33fd7" isOneWay="false" action="divide" name="divide" bindingOperationName="divide" type="Request-Response" outputName="divide1Out" inputName="divide1In" receivesAttachments="false" sendsAttachments="false" anonymous="optional"><con:settings/><con:call id="ac4af8cb-2345-462c-9f23-fb5408b98414" name="Request 1"><con:settings/><con:encoding>UTF-8</con:encoding><con:endpoint>http://ws1.parasoft.com/glue/calculator</con:endpoint><con:request><![CDATA[<soapenv:Envelope xmlns:soapenv="http://schemas.xmlsoap.org/soap/envelope/" xmlns:cal="http://www.parasoft.com/wsdl/calculator/">\r
   <soapenv:Header/>\r
   <soapenv:Body>\r
      <cal:divide>\r
         <cal:numerator>?</cal:numerator>\r
         <cal:denominator>?</cal:denominator>\r
      </cal:divide>\r
   </soapenv:Body>\r
</soapenv:Envelope>]]></con:request><con:wsaConfig mustUnderstand="NONE" version="200508" action="divide"/></con:call></con:operation><con:operation id="3af49e45-c4ba-478b-a930-01d250e790b7" isOneWay="false" action="multiply" name="multiply" bindingOperationName="multiply" type="Request-Response" outputName="multiply2Out" inputName="multiply2In" receivesAttachments="false" sendsAttachments="false" anonymous="optional"><con:settings/><con:call id="eaf953d2-748f-422b-beca-632bef7614ae" name="Request 1"><con:settings/><con:encoding>UTF-8</con:encoding><con:endpoint>http://ws1.parasoft.com/glue/calculator</con:endpoint><con:request><![CDATA[<soapenv:Envelope xmlns:soapenv="http://schemas.xmlsoap.org/soap/envelope/" xmlns:cal="http://www.parasoft.com/wsdl/calculator/">\r
   <soapenv:Header/>\r
   <soapenv:Body>\r
      <cal:multiply>\r
         <cal:x>?</cal:x>\r
         <cal:y>?</cal:y>\r
      </cal:multiply>\r
   </soapenv:Body>\r
</soapenv:Envelope>]]></con:request><con:wsaConfig mustUnderstand="NONE" version="200508" action="multiply"/></con:call></con:operation><con:operation id="ef226cd1-4de3-4f22-997a-922f1a41daae" isOneWay="false" action="subtract" name="subtract" bindingOperationName="subtract" type="Request-Response" outputName="subtract3Out" inputName="subtract3In" receivesAttachments="false" sendsAttachments="false" anonymous="optional"><con:settings/><con:call id="439117df-407f-4e1f-ba45-5c609cae9a90" name="Request 1"><con:settings/><con:encoding>UTF-8</con:encoding><con:endpoint>http://ws1.parasoft.com/glue/calculator</con:endpoint><con:request><![CDATA[<soapenv:Envelope xmlns:soapenv="http://schemas.xmlsoap.org/soap/envelope/" xmlns:cal="http://www.parasoft.com/wsdl/calculator/">\r
   <soapenv:Header/>\r
   <soapenv:Body>\r
      <cal:subtract>\r
         <cal:x>?</cal:x>\r
         <cal:y>?</cal:y>\r
      </cal:subtract>\r
   </soapenv:Body>\r
</soapenv:Envelope>]]></con:request><con:wsaConfig mustUnderstand="NONE" version="200508" action="subtract"/></con:call></con:operation></con:interface><con:properties/><con:wssContainer/><con:oAuth2ProfileContainer/><con:oAuth1ProfileContainer/><con:sensitiveInformation/></con:soapui-project>